identifier,project,domain,continent,languages,en,en-us,de,fr,es,zh,it,pt,se,da,fi,pl,tr,ro,cs,uk,vi,ko,tw,hu,ja,nl,th
AD,/fra,bystronic_fra,africa,fr,Andorra,Andorra,Andorra,Andorre,Andorra,安道尔共和国,Andorra,Andorra,Andorra,Andorra,Andorra,Andora,Andorra,Andorra,Andora,Андора,Andorra,안도라,安道爾,Andorra,アンドラ,Andorra,อันดอร์รา
AE,/int,bystronic_com,middle-east,en,United Arab Emirates,United Arab Emirates,Vereinigte Arabische Emirate,Emirats Arabes Unis,Emiratos Árabes Unidos,阿拉伯联合酋长国,Emirati Arabi Uniti,Emirados Árabes Unidos,Förenade Arabemiraten,Forenede Emirater,Yhdistyneet arabiemiirikunnat,Zjednoczone Emiraty Arabskie,Birlesik Arap Emirlikleri,Emiratele Arabe Unite,Spojené arabské emiráty,Об'єднанні Арабські Емірати,Các Tiểu vương quốc Ả Rập Thống nhất,아랍에미리트연합국,阿拉伯聯合大公國(阿拉伯聯合酋長國),Egyesült Arab Emírségek,アラブ首長国連邦,Verenigde Arabische Emiraten,สหรัฐอาหรับเอมิเรตส์
AF,/int,bystronic_com,asia,en,Afghanistan,Afghanistan,Afghanistan,Afghanistan,Afganistán,阿富汗,Afghanistan,Afeganistão,Afghanistan,Afghanistan,Afghanistan,Afganistan,Afganistan,Afganistan,Afganistan,Афганістан,Ápganixtan,아프가니스탄,阿富汗,Afganisztán,アフガニスタン,Afghanistan,อัฟกานิสถาน
AG,/usa,bystronic_usa,north-america,en,Antigua and Barbuda,Antigua and Barbuda,Antigua und Barbuda,Antigua-et-Barbuda,Antigua y Barbuda,安提瓜岛和巴布达岛,Antigua e Barbuda,Antígua e Barbados,Antigua och Barbuda,Antigua og Barbuda,Antigua ja Barbuda,Antigua i Barbuda,Antigua ve Barbuda,Antigua și Barbuda,Antigua a Barbuda,Антігуа та Барбуда,Antigua và Barbuda,앤티가바부다,安提瓜和巴不达,Antigua és Barbuda,アンティグア・バーブーダ,Antigua en Barbuda,แอนติกาและบาร์บูดา
AI,/usa,bystronic_usa,north-america,en,Anguilla,Anguilla,Anguilla,Anguilla,Anguila,安圭拉岛,Anguilla,Anguilla,Anguilla,Anguilla,Anguilla,Anguilla,Anguilla,Anguilla,Anguilla,Агуілла,Anguilla,앵귈라,安圭拉,Anguilla,アンギラ,Anguilla,แองกวิลลา
AL,/tur,bystronic_tur,europe,tr,Albania,Albania,Albanien,Albanie,Albania,阿尔巴尼亚,Albania,Albânia,Albanien,Albanien,Albanien,Albania,Arnavutluk,Albania,Albánsko,Албанія,Albania,알바니아,阿爾巴尼亞,Albánia,アルバニア,Albanië,อัลบาเนีย
AM,/ukr,bystronic_ukr,asia,uk,Armenia,Armenia,Armenien,Arménie,Armenia,亚美尼亚,Armenia,Armênia,Armenien,Armenien,Armenia,Armenia,Ermenistan,Armenia,Arménsko,Арменія,Ácmênia,아르메니아,亞美尼亞,Örményország,アルメニア,Armenië,อาร์มีเนีย
AO,/zaf,bystronic_zaf,africa,"en, es",Angola,Angola,Angola,Angola,Angola,安哥拉,Angola,Angola,Angola,Angola,Angola,Angola,Angola,Angola,Angola,Ангола,Ânggôla,앙골라,安哥拉,Angola,アンゴラ,Angola,แองโกลา
AR,/bra,bystronic_bra,south-america,pt,Argentina,Argentina,Argentinien,Argentine,Argentina,阿根廷,Argentina,Argentina,Argentina,Argentina,Argentiina,Argentyna,Arjantin,Argentina,Argentina,Аргентіна,Áchentina,아르헨티나,阿根廷,Argentina,アルゼンチン,Argentinië,อาร์เจนตินา
AS,/sgp,bystronic_sgp,oceania,en,American Samoa,American Samoa,Amerikanisch-Samoa,Samoa américaines,Samoa Americana,美属萨摩亚,Samoa Americana,Samoa Americana,Amerikanska Samoa,Amerikanska Samoa,Amerikan Samoa,Samoa ameryk.,Amerikan Samoa,Samoa Americană,Americká Samoa,Самоа,Samoa thuộc Mỹ,아메리칸 사모아,美洲薩摩亞,Amerikai Szamoa,サモア,Amerikaans Samoa,อเมริกันซามัว
AT,/aut,bystronic_aut,europe,"de, en",Austria,Austria,Oesterreich,Autriche,Austria,奥地利,Austria,Áustria,Österrike,Østrig,Itävalta,Austria,Avusturya,Austria,Rakousko,Австрія,Áo,오스트리아,奧地利,Ausztria,オーストリア,Oostenrijk,ออสเตรีย
AU,/aus,bystronic_aus,oceania,en,Australia,Australia,Australien,Australie,Australia,澳大利亚,Australia,Austrália,Australien,Australien,Australia,Australia,Avustralya,Australia,Austrálie,Австралія,Ôxtrâylia (Úc),호주,澳洲,Ausztrália,オーストラリア,Australië,ออสเตรเลีย
AW,/bra,bystronic_bra,north-america,en,Aruba,Aruba,Aruba,Aruba,Aruba,阿鲁巴岛,Aruba,Aruba,Aruba,Aruba,Aruba,Aruba,Aruba,Aruba,Aruba,Аруба,Aruba,아루바,阿魯巴,Aruba,アルバ(オランダ自治領),Aruba,อารูบา
AZ,/ukr,bystronic_ukr,asia,uk,Azerbaijan,Azerbaijan,Aserbaidschan,Azerbaïdjan,República de Azerbaijan,阿塞拜疆,Azerbaigian,Azerbaidjão,Azerbajdzjan,Aserbajdsjan,Azerbaidžan,Azerbejdżan,Azerbaycan,Azerbaidjan,Ázerbájdžán,Азербайджан,Adécbaigian,아제르바이잔,阿塞拜疆,Azerbajdzsán,アゼルバイジャン,Azerbeidzjan,อาเซอร์ไบจาน
BA,/aut,bystronic_aut,europe,"en, de",Bosnia and Herzegovina,Bosnia and Herzegovina,Bosnien und Herzegowina,Bosnie-Herzégovine,Bosnia Herzegovina,波斯尼亚和黑塞哥维那,Bosnia-Erzegovina,Bósnia e Herzegowina,Bosnien och Hercegovina,Bosnien/Herzegovina,Bosnia ja Hertsegovina,Bośnia i Hercegowina,Bosna Hersek,Bosnia și Herțegovina,Bosna a Hercegovina,Боснія та Герцеговина,Bôxnia Hécxêgôvina,보스니아헤르체고비나,波士尼亞赫塞哥維納,Bosznia-Hercegovina,ボスニア・ヘルツェゴビナ,Bosnië en Herzegovina,บอสเนียและเฮอร์เซโกวีนา
BB,/usa,bystronic_usa,north-america,en,Barbados,Barbados,Barbados,Barbade,Barbados,巴巴多斯岛,Barbados,Barbados,Barbados,Barbados,Barbados,Barbados,Barbados,Barbados,Barbados,Барбадос,Bácbađốt,바베이도스,巴貝多,Barbados,バルバドス,Barbados,บาร์เบโดส
BD,/sgp,bystronic_sgp,asia,en,Bangladesh,Bangladesh,Bangladesch,Bangladesh,Bangladesch,孟加拉国,Bangladesh,Bangladesch,Bangladesh,Bangladesh,Bangladesh,Bangladesz,Banglades,Bangladesh,Bangladéš,Бангадеш,Bãnglaðét,방글라데시,孟加拉國,Banglades,バングラデシュ,Bangladesh,บังกลาเทศ
BE,/blx,bystronic_blx,europe,"nl, fr, de",Belgium,Belgium,Belgien,Belgique,Bélgica,比利时,Belgio,Bélgica,Belgien,Belgien,Belgia,Belgia,Belçika,Belgia,Belgie,Бельгія,Bỉ,벨기에,比利時,Belgium,ベルギー,België,เบลเยียม
BF,/zaf,bystronic_zaf,africa,en,Burkina Faso,Burkina Faso,Burkina Faso,Burkina Faso,Burquina Faso,布基纳法索,Burkina Faso,Burkina Faso,Burkina Faso,Burkina Faso,Burkina Faso,Burkina Faso,Burkina Faso,Burkina Faso,Burkina Faso,Буркіна-Фасо,Buốckina Phaxô,부르키나파소,布吉納法索,Burkina Faso,ブルキナファソ,Burkina Faso,บูร์กินาฟาโซ
BG,/rou,bystronic_rou,europe,ro,Bulgaria,Bulgaria,Bulgarien,Bulgarie,Bulgaria,保加利亚,Bulgaria,Bulgária,Bulgarien,Bulgarien,Bulgaria,Bułgaria,Bulgaristan,Bulgaria,Bulharsko,Болгарія,Bungari,불가리아,保加利亞,Bulgária,ブルガリア,Bulgarije,บัลแกเรีย
BH,/int,bystronic_com,middle-east,en,Bahrain,Bahrain,Bahrain,Bahreïn,Bahrain,巴林,Bahrain,Barein,Bahrain,Bahrain,Bahrain,Bahrain,Bahreyn,Regatul Bahrainului,Bahrajn,Бахрейн,Baranh,바레인,巴林,Bahrein,バーレーン,Bahrein,บาห์เรน
BI,/zaf,bystronic_zaf,africa,en,Burundi,Burundi,Burundi,Burundi,Burundi,布隆迪,Burundi,Burundi,Burundi,Burundi,Burundi,Burundi,Burundi,Burundi,Burundi,Бурунді,Burunđi,부룬디,蒲隆地,Burundi,ブルンジ,Burundi,บุรุนดี
BJ,/zaf,bystronic_zaf,africa,en,Benin,Benin,Benin,Bénin,Benin,贝宁,Benin,Benin,Benin,Benin,Benin,Benin,Benin,Benin,Benin,Бенін,Bênanh,베냉,貝寧,Benin,ベナン,Benin,เบนิน
BM,/usa,bystronic_usa,north-america,en,Bermuda,Bermuda,Bermuda,Bermudes,Las Bermudas,百慕大,Bermudas,Bermudas,Bermuda,Bermuda,Bermuda,Bermudy,Bermuda,Insulele Bermude,Bermudy,Бермудські острови,Bermuda,버뮤다,百慕達,Bermuda,バーミューダ,Bermuda,เบอร์มิวดา
BN,/sgp,bystronic_sgp,asia,en,Brunei,Brunei,Brunei,Brunéi Darussalam,Brunei Darussalam,文莱,Brunei Darussalam,Brunei Darussalam,Brunei,Brunei,Brunei,Brunei Darussalam,Brunei Sultanlığı,Brunei Darussalam,Brunei Darussalam,Бруней-Даруссалам,Brunây,브루나이,汶萊,Brunei,ブルネイ,Brunei,บรูไน
BO,/bra,bystronic_bra,south-america,es,Bolivia,Bolivia,Bolivien,Bolivie,Bolivia,玻利维亚,Bolivia,Bolívia,Bolivia,Bolivia,Bolivia,Boliwia,Bolivya,Bolivia,Bolívie,Болівія,Bôlivia,볼리비아,玻利維亞,Bolivia,ボリビア,Bolivia,โบลิเวีย
BR,/bra,bystronic_bra,south-america,pt,Brazil,Brazil,Brasilien,Brésil,Brasil,巴西,Brasile,Brasil,Brasilien,Brasilien,Brasilia,Brazylia,Brezilya,Brazilia,Brazílie,Бразилія,Braxin,브라질,巴西,Brazília,ブラジル,Brazilië,บราซิล
BS,/usa,bystronic_usa,north-america,en,Bahamas,Bahamas,Bahamas,Bahamas,Bahamas,巴哈马群岛,Bahamas,Bahamas,Bahamas,Bahamas,Bahama,Bahamy,Bahamalar,Bahamas,Bahamy,Багамські острови,Bahamát,바하마,巴哈馬,Bahama-szigetek,バハマ,Bahama’s,บาฮามาส
BT,/sgp,bystronic_sgp,asia,en,Bhutan,Bhutan,Bhutan,Bhoutan,Bhután,不丹,Bhutan,Butão,Bhutan,Bhutan,Bhutan,Bhutan,Bhutan,Bhutan,Bhútán,Бутан,Butan,부탄,不丹,Bhután,ブータン,Bhutan,ภูฏาน
BW,/zaf,bystronic_zaf,africa,en,Botswana,Botswana,Botswana,Botswana,Botsuana,博茨瓦纳,Botswana,Botsuana,Botswana,Botswana,Botswana,Botswana,Botswana,Botswana,Botswana,Ботсвана,Bốtxoana,보츠와나,波札那,Botswana,ボツワナ,Botswana,บอตสวานา
BY,/ukr,bystronic_ukr,asia,uk,Belarus,Belarus,Belarus,Biélorussie,Belarús,白俄罗斯,Bielorussia,Belarus,Vitryssland,Hviderusland,Valko-Venäjä,Białoruś,Beyaz Rusya,Belarus,Bělorusko,Білорусь,Bêlarút,벨로루시,白俄羅斯,Fehéroroszország,ベラルーシ,Wit-Rusland,เบลารุส
BZ,/mex,bystronic_mex,north-america,en,Belize,Belize,Belize,Belize,Belice,伯利兹城,Belize,Belize,Belize,Belize,Belize,Belize,Belize,Belize,Belize,Беліз,Bêlixê,벨리즈,伯利兹,Belize,ベリーズ,Belize,เบลีซ
CA,/can,bystronic_can,north-america,en,Canada,Canada,Kanada,Canada,Canadá,加拿大,Canada,Canadá,Kanada,Canada,Kanada,Kanada,Kanada,Canada,Kanada,Канада,Canađa,캐나다,加拿大,Kanada,カナダ,Canada,แคนาดา
CD,/zaf,bystronic_zaf,africa,en,Democratic Republic of the Congo,Democratic Republic of the Congo,Demokratische Republik Kongo,République démocratique du Congo,República Democrática del Congo,刚果民主共和国,Repubblica Democratica del Congo,República Democrática do Congo,Demokratiska republiken Kongo,Demokratiske republik Congo,Kongon demokraattinen tasavalta,Demokratyczna Republika Kongo,Demokratik Kongo Cumhuriyeti,Republica Democrată Congo,Demokratická republika Kongo,Демократтична Республіка Конго,Cộng hòa Dân chủ Cônggô,콩고,剛果民主共和國,Kongói Demokratikus Köztársaság,コンゴ民主共和国,Democratische Republiek Congo,สาธารณรัฐประชาธิปไตยคองโก
CF,/zaf,bystronic_zaf,africa,en,Central African Republic,Central African Republic,Zentralafrikanische Republik,République centrafricaine,República Centroafricana,中非共和国,Repubblica Centrafricana,República Centro-Africana,Centralafrikanska republiken,Centralafrikanske republik Congo,Keski-Afrikan tasavalta,Republika Środkowej Afryki,Orta Afrika Cumhuriyeti,Republica Centrafricană,Středoafrická republika,Центральна Африканська Республіка,Cộng hòa Trung Phi,중앙아프리카공화국,中非共和國,Közép-afrikai Köztársaság,中央アフリカ,Centraal-Afrikaanse Republiek,สาธารณรัฐแอฟริกากลาง
CG,/zaf,bystronic_zaf,africa,en,Congo,Congo,Kongo,Congo,Congo,刚果,Congo,Congo,Kongo,Congo,Kongo,Kongo,Kongo,Congo,Kongo,Конго,Cônggô,콩고,剛果共和國,Kongói Köztársaság,コンゴ,Congo,คองโก
CH,/che,bystronic_che,europe,"en, de, fr, it",Switzerland,Switzerland,Schweiz,Suisse,Suiza,瑞士,Svizzera,Suíça,Schweiz,Schweiz,Sveitsi,Szwajcaria,İsviçre,Elveția,Švýcarsko,Швейцарія,Thụy Sỹ,스위스,瑞士,Svájc,スイス,Zwitserland,สวิตเซอร์แลนด์
CI,/zaf,bystronic_zaf,africa,en,Côte d'Ivoire,Côte d'Ivoire,Côte d'Ivoire,Côte d'Ivoire,Costa de Marfil,科特迪瓦,Costa d'Avorio,Costa do Marfim,Elfenbenskusten,Elfenbenskysten,Norsunluurannikko,Wybrzeże Kości Słoniowej,Fildisi Sahilleri,Coasta de Fildeș,Pobřeží slonoviny,Кот-д'Івуар,Cốtđivoa,코트디부아르,象牙海岸,Elefántcsontpart,コートジボワール,Ivoorkust,โกตดิวัวร์
CK,/aus,bystronic_aus,oceania,en,Cook Islands,Cook Islands,Cookinseln,Iles Cook,Islas Cook,库克群岛,Isole Cook,Ilhas Cook,Cooköarna,Cookøerne,Cookinsaaret,Wyspy Cooka,Cook Adaları,Insulele Cook,Cookovy ostrovy,Острови Кука,Quần đảo Cook,쿡 제도,庫克群島,Cook-szigetek,クック諸島,Cook Eilanden,หมู่เกาะคุก
CL,/bra,bystronic_bra,south-america,es,Chile,Chile,Chile,Chili,Chile,智利,Cile,Chile,Chile,Chile,Chile,Chile,Sili,Chile,Chile,Чілі,Chilê,칠레,智利,Chile,チリ,Chili,ชิลี
CM,/zaf,bystronic_zaf,africa,en,Cameroon,Cameroon,Kamerun,Cameroun,Camerún,喀麦隆,Cameroon,Camarões,Kamerun,Cameroun,Kamerun,Kamerun,Kamerun,Camerun,Kamerun,Камерун,Camơrun,카메룬,喀麥隆,Kamerun,カメルーン,Kameroen,แคเมอรูน
CN,/chn,bystronic_chn,asia,zh,China,China,China,Chine,China,中国,Cina,China,Kina,Kina,Kiina,Chiny,Çin,China,Čína,Китай,Cộng hòa Nhân dân Trung Hoa,중국,中國,Kína,中国,China,จีน
CO,/bra,bystronic_bra,south-america,es,Colombia,Colombia,Kolumbien,Colombie,Colombia,哥伦比亚,Colombia,Colômbia,Colombia,Columbia,Kolumbia,Kolumbia,Kolombiya,Columbia,Kolumbie,Колумбія,Côlômbia,콜롬비아,哥倫比亞,Kolumbia,コロンビア,Colombia,โคลอมเบีย
CR,/mex,bystronic_mex,north-america,es,Costa Rica,Costa Rica,Costa Rica,Costa Rica,Costa Rica,哥斯达黎加,Costa Rica,Costa Rica,Costa Rica,Costa Rica,Costa Rica,Kostaryka,Kosta Rika,Costa Rica,Kostarika,Коста Ріка,Cốtxta Rica,코스타리카,哥斯大黎加,Costa Rica,コスタリカ,Costa Rica,คอสตาริกา
CU,/int,bystronic_com,north-america,"en, es",Cuba,Cuba,Kuba,Cuba,Cuba,古巴,Cuba,Cuba,Kuba,Cuba,Kuuba,Kuba,Küba,Cuba,Kuba,Куба,Cuba,쿠바,古巴,Kuba,キューバ,Cuba,คิวบา
CV,/zaf,bystronic_zaf,africa,en,Cape Verde,Cape Verde,Kap Verde,Cap-vert,Cabo Verde,佛得角,Capo Verde,Cabo Verde,Kap Verde,Kap Verde,Kap Verde,Wyspy Zielonego Przylądka,Cape Verde,Capului Verde,Kapverdy,Кабо-Верде,Cápve,카보베르데,維德角,Zöld-foki Köztársaság,カーボヴェルデ,Kaapverdië,กาบูเวร์ดี
CW,/bra,bystronic_bra,north-america,en,Curaçao,Curaçao,Curaçao,Curaçao,Curaçao,库拉索,Curaçao,Curaçao,Curaçao,Curaçao,Curaçao,Curaçao,Curaçao,Curaçao,Curaçao,Кюрасао,Curaçao,쿠라카오,庫拉索島,Curaçao,キュラソー,Curaçao,คูราโซ
CY,/che,bystronic_che,europe,"en, de, fr, it",Cyprus,Cyprus,Zypern,Chypre,Chipre,塞浦路斯,Cipro,Chipre,Cypern,Cypern,Kypros,Cypr,Kıbrıs,Cipru,Kypr,Кіпр,Síp,키프로스,塞浦路斯,Ciprus,キプロス,Cyprus,ไซปรัส
CZ,/cze,bystronic_cze,europe,cs,Czech Republic,Czech Republic,Tschechische Republik,République tchèque,República Checa,捷克共和国,Repubblica Ceca,República Tcheca,Tjeckien,Tjekkiet,Tšekki,Republika Czeska,Çek Cumhuriyeti,Cehia,Česká republika,Чешська Республіка,Cộng hòa Séc,체코공화국,捷克,Csehország,チェコ,Tsjechië,สาธารณรัฐเช็ก
DE,/deu,bystronic_deu,europe,"de, en",Germany,Germany,Deutschland,Allemagne,Alemania,德国,Germania,Alemanha,Tyskland,Tyskland,Saksa,Deutschland,Almanya,Germania,Německo,Германія,Đức,독일,德國,Németország,ドイツ,Duitsland,เยอรมนี
DJ,/zaf,bystronic_zaf,africa,en,Djibouti,Djibouti,Dschibuti,Djibouti,Jibuti,吉布提,Gibuti,Dschibuti,Djibouti,Djibouti,Djibouti,Dżibuti,Cibuti,Djibouti,Džibuti,Джібуті,Gibuti,지부티,吉布提,Dzsibuti,ジブチ,Djibouti,จิบูตี
DK,/sca,bystronic_sca,europe,"se, fi, da",Denmark,Denmark,Dänemark,Danemark,Dinamarca,丹麦,Danimarca,Dinamarca,Danmark,Danmark,Tanska,Dania,Danimarka,Danemarca,Dánsko,Данія,Đan Mạch,덴마크,丹麥,Dánia,デンマーク,Denemarken,เดนมาร์ก
DM,/usa,bystronic_usa,north-america,en,Dominica,Dominica,Dominica,Dominique,Dominica,多米尼克,Dominica,Dominica,Dominica,Dominica,Dominica,Dominika,Dominik,Dominica,Dominika,Домініка,Dominica,도미니카,多米尼克,Dominikai Közösség,ドミニカ国,Dominica,ดอมินีกา
DO,/usa,bystronic_usa,north-america,en,Dominican Republic,Dominican Republic,Dominikanische Republik,République dominicaine,República Dominicana,多米尼加共和国,Repubblica Dominicana,República Dominicana,Dominikanska republiken,Dominikanske republik,Dominikaaninen tasavalta,Republika Dominikana,Dominik Cumhuriyeti,Republica Dominicană,Dominikánská republika,Домініканська Республіка,Cộng hòa Đôminicana,도미니카공화국,多明尼加共和國,Dominikai Köztársaság,ドミニカ共和国,Dominicaanse Republiek,สาธารณรัฐโดมินิกัน
DZ,/fra,bystronic_fra,africa,fr,Algeria,Algeria,Algerien,Algérie,Argelia,阿尔及利亚,Algeria,Algéria,Algeriet,Algeriet,Algeria,Algieria,Cezayir,Algeria,Alžír,Алжир,Angiêri,알제리,阿爾及利亞,Algéria,アルジェリア,Algerije,แอลจีเรีย
EC,/bra,bystronic_bra,south-america,es,Ecuador,Ecuador,Ecuador,Equateur,Ecuador,厄瓜多尔,Ecuador,Equador,Ecuador,Ecuador,Ecuador,Ekwador,Ekvador,Ecuador,Ekvádor,Еквадор,Êcuađo,에콰도르,厄瓜多,Ecuador,エクアドル,Ecuador,เอกวาดอร์
EE,/sca,bystronic_sca,europe,"se, fi, da",Estonia,Estonia,Estland,Estonie,Estonia,爱沙尼亚,Estonia,Estônia,Estland,Estland,Viro,Estonia,Estonya,Estonia,Estonsko,Естонія,Extônia,에스토니아,愛沙尼亞,Észtország,エストニア,Estland,เอสโตเนีย
EG,/int,bystronic_com,middle-east,"en, fr",Egypt,Egypt,Ägypten,Egypte,Egipto,埃及,Egitto,Egito,Egypten,Egypten,Egypti,Egipt,Mısır,Egipt,Egypt,Єгипт,Aicập,이집트,埃及,Egyiptom,エジプト,Egypte,อียิปต์
ER,/zaf,bystronic_zaf,africa,en,Eritrea,Eritrea,Eritrea,Erythrée,Eritrea,厄立特里亚,Eritrea,Eritréia,Eritrea,Eritrea,Eritrea,Erytrea,Eritre,Eritreea,Eritrea,Ерітрея,Êritơrêa,에리트레아,厄立特里亚,Eritrea,エリトリア,Eritrea,เอริเทรีย
ES,/esp,bystronic_esp,europe,es,Spain,Spain,Spanien,Espagne,España,西班牙,Spagna,Espanha,Spanien,Spanien,Espanja,Hiszpania,İspanya,Spania,španělsko,Іспанія,Tây Ban Nha,스페인,西班牙,Spanyolország,スペイン,Spanje,สเปน
ET,/int,bystronic_com,africa,"en, fr",Ethiopia,Ethiopia,Äthiopien,Ethiopie,Etiopía,埃塞俄比亚,Etiopia,Etiópia,Etiopien,Etiopien,Etiopia,Etiopia,Etiyopya,Etiopia,Etiopie,Ефіопія,Êtiôpia,에티오피아,衣索比亞,Etiópia,エチオピア,Ethiopië,เอธิโอเปีย
FI,/sca,bystronic_sca,europe,"se, fi, da",Finland,Finland,Finnland,Finlande,Finlandia,芬兰,Finlandia,Finlândia,Finland,Finland,Suomi,Finlandia,Finlandiya,Finlanda,Finsko,Фінляндія,Phần Lan,핀란드,芬蘭,Finnország,フィンランド,Finland,ฟินแลนด์
FJ,/aus,bystronic_aus,oceania,en,Fiji,Fiji,Fidschi,Fidji,Fiji,斐济,Fiji,Fidschi,Fiji,Fiji,Fidži,Fidżi,Fiji,Fiji,Fidži,Фіджі,Phigi,피지,斐濟,Fidzsi-szigetek,フィジー,Fiji,ฟิจิ
FM,/sgp,bystronic_sgp,oceania,en,Micronesia,Micronesia,Mikronesien,Micronésie,Micronesia,密克罗尼西亚,Micronesia,Micronésia,Mikronesien,Mikronesien,Mikronesia,Mikronezja,Mikronezya,Micronezia,Mikronésie,Мікронезія,Maicrônêxia,미크로네시아,密克羅西亞島,Mikronézia,ミクロネシア,Micronesië,ไมโครนีเซีย
FO,/sca,bystronic_sca,europe,"se, fi, da",Faeroe Islands,Faeroe Islands,Färöer,Féroé,Islas Feroe,法罗群岛,F&ouml;royar,Ilhas Faroe,Färöarna,Færøerne,Färsaaret,Färöer,Faroe Adaları,Insulele Feroe,Faerské ostrovy,Фарерські острови,Quần đảo Faroe,페로제도,法羅群島,Feröer-szigetek,フェロー諸島,Faeröer,หมู่เกาะแฟโร
FR,/fra,bystronic_fra,europe,fr,France,France,Frankreich,France,Francia,法国,Francia,França,Frankrike,Frankrig,Ranska,Francja,Fransa,Franța,Francouzsko,Франція,Pháp,프랑스,法國,Franciaország,フランス,Frankrijk,ฝรั่งเศส
GA,/zaf,bystronic_zaf,africa,en,Gabon,Gabon,Gabun,Gabon,Gabón,加蓬,Gabon,Gabum,Gabon,Gabon,Gabon,Gabun,Gabon,Gabon,Gabun,Габун,Gabông,가봉,加彭,Gabon,ガボン,Gabon,กาบอง
GB,/gbr,bystronic_gbr,europe,en,United Kingdom,United Kingdom,Grossbritanien,Royaumes-Unis,Reino Unido,联合王国,Regno Unito,Grã-Bretanha,Storbritannien,Storbritannien,Iso-Britannia,Zjednoczone Królestwo,Birlesik Krallık,Marea Britanie,Velká Británie,Об'єднане Королівство,Liên hiệp Vương quốc Anh và Bắc Ailen,영국,英國,Egyesült Királyság,イギリス,Verenigd Koninkrijk,สหราชอาณาจักร
GD,/usa,bystronic_usa,north-america,en,Grenada,Grenada,Grenada,Grenade,Granada,格林纳达,Grenada,Granada,Grenada,Grenada,Grenada,Grenada,Grenada,Grenada,Grenada,Греанада,Grênađa,그레나다,格瑞那達,Grenada,グレナダ,Grenada,เกรเนดา
GE,/ukr,bystronic_ukr,asia,uk,Georgia,Georgia,Georgien,Géorgie,Georgia,格鲁吉亚,Georgia,Geórgia,Georgien,Georgien,Georgia,Gruzja,Gürcistan,Georgia,Gruzie,Грузія,Grudia,그루지야,格魯吉亞,Grúzia,グルジア,Georgië,จอร์เจีย
GF,/bra,bystronic_bra,south-america,es,French Guiana,French Guiana,Französisch-Guayana,Guyane française,Guayana Francesa,法属圭亚那,Guyana Francese,Guiana Francesa,Franska Guyana,Franska Guyana,Ranskan Guayana,Gujana Francuska,Fransız Guyanası,Guiana Franceză,Francouzská Guayana,Французська Гвіана,Guyane thuộc Pháp,프랑스어령기아나,法屬蓋亞那,Francia Guyana,フランス領ギニア,Frans Guyana,เฟรนช์เกียนา
GH,/zaf,bystronic_zaf,africa,"en, fr",Ghana,Ghana,Ghana,Ghana,Ghana,加纳,Ghana,Gana,Ghana,Ghana,Ghana,Ghana,Gana,Ghana,Ghana,Гана,Gana,가나,加納,Ghána,ガーナ,Ghana,กานา
GI,/int,bystronic_com,europe,en,Gibraltar,Gibraltar,Gibraltar,Gibraltar,Gibraltar,直布罗陀,Gibilterra,Gibraltar,Gibraltar,Gibraltar,Gibraltar,Gibraltar,Cebelitarık,Gibraltar,Gibraltar,Гібралтар,Gibraltar,지브롤터,直布羅陀,Gibraltár,ジブラルタル,Gibraltar,ยิบรอลตาร์
GL,/sca,bystronic_sca,north-america,"se, da, fi",Greenland,Greenland,Grönland,Groenland,Groenlandia,格陵兰,Groenlandia,Groenlândia,Grönland,Grønland,Grönlanti,Grenlandia,Grönland,Groenlanda,Grónsko,Гренландія,Greenland,그린랜드,格陵蘭,Grönland,グリーンランド,Groenland,กรีนแลนด์
GM,/zaf,bystronic_zaf,africa,en,Gambia,Gambia,Gambia,Gambie,Gambia,冈比亚,Gambia,Gamboa,Gambia,Gambia,Gambia,Gambia,Gambiya,Gambia,Gambie,Гамбія,Gămbia,감비아,甘比亞,Gambia,ガンビア,Gambia,แกมเบีย
GN,/zaf,bystronic_zaf,africa,en,Guinea,Guinea,Guinea,Guinée,Guinea,几内亚,Guinea,Guinea,Guinea,Guinea,Guinea,Gwinea,Gine,Guineea,Guinea,Гвінея,Cộng hòa Ghinê,기니,幾內亞,Guinea,ギニア,Guinea,กินี
GP,/usa,bystronic_usa,north-america,en,Guadeloupe,Guadeloupe,Guadeloupe,Guadeloupe,Guadalupe,瓜德罗普岛,Guadalupe,Guadeloupe,Guadeloupe,Guadeloupe,Guadeloupe,Gwadelupa,Guadalupe,Guadelupa,Guadeloupe,Гваделупа,Guadeloupe,과들루프,瓜德羅普,Guadeloupe,グアドループ,Guadeloupe,กัวเดอลุป
GQ,/zaf,bystronic_zaf,africa,en,Equatorial Guinea,Equatorial Guinea,Äquatorialguinea,Guinée équatoriale,Guinea Ecuatorial,赤道几内亚,Guinea Equatoriale,Guinea Equatorial,Ekvatorialguinea,Ækvatorialguinea,Päiväntasaajan Guinea,Gwinea Równikowa,Ekvator Ginesi,Guineea Ecuatorială,Rovníková Guinea,Акваторіальна Гвінея,Guinea Xích Đạo,적도기니,赤道幾內亞,Egyenlítői-Guinea,赤道ギニア,Equatoriaal-Guinea,อิเควทอเรียลกินี
GR,/che,bystronic_che,europe,"en, fr, es",Greece,Greece,Griechenland,Grèce,Grecia,希腊,Grecia,Grécia,Grekland,Grækenland,Kreikka,Grecja,Yunanistan,Grecia,Řecko,Греція,Hy Lạp,그리스,希臘,Görögország,ギリシャ,Griekenland,กรีซ
GT,/mex,bystronic_mex,north-america,es,Guatemala,Guatemala,Guatemala,Guatemala,Guatemala,危地马拉,Guatemala,Guatemala,Guatemala,Guatemala,Guatemala,Gwatemala,Guatemala,Guatemala,Guatemala,Гватемала,Goatêmala,과테말라,瓜地馬拉,Guatemala,グアテマラ,Guatemala,กัวเตมาลา
GU,/sgp,bystronic_sgp,oceania,en,Guam,Guam,Guam,Guam,Guam,关岛,Guam,Guam,Guam,Guam,Guam,Guam,Guam,Guam,Guam,Гуам,Guam,괌,關島,Guam,グアム,Guam,กวม
GY,/bra,bystronic_bra,south-america,es,Guyana,Guyana,Guyana,Guyana,Guyana,圭亚那,Guyana,Guiana,Guyana,Guyana,Guyana,Gujana,Guyana,Guyana,Guayana,Гайана,Guyana,가이아나,蓋亞那,Guyana,ガイアナ,Guyana,กายอานา
HK,/chn,bystronic_chn,asia,zh,Hong Kong,Hong Kong,Hongkong,Hongkong,Hong Kong,香港,Hong Kong,Hongkong,Hongkong,Hongkong,Hongkong,Hongkong,Hong Kong,Hong Kong,Hongkong,Гонконг,Hồng Kông,홍콩,香港,Hongkong,香港,Hong Kong,ฮ่องกง
HN,/mex,bystronic_mex,north-america,es,Honduras,Honduras,Honduras,Honduras,Honduras,洪都拉斯,Honduras,Honduras,Honduras,Honduras,Honduras,Honduras,Honduras,Honduras,Honduras,Гондурас,Ônđurát,온두라스,宏都拉斯,Honduras,ホンジュラス,Honduras,ฮอนดูรัส
HR,/aut,bystronic_aut,europe,"en,de",Croatia,Croatia,Kroatien,Croatie,Croacia,克罗地亚,Croazia,Croácia,Kroatien,Kroatien,Kroatia,Chorwacja,Hırvatistan,Croatia,Chorvatsko,Хорватія,Crôatia,크로아티아,克羅地亞,Horvátország,クロアチア,Kroatië,โครเอเชีย
HT,/usa,bystronic_usa,north-america,en,Haiti,Haiti,Haiti,Haïti,Haití,海地,Haiti,Haiti,Haiti,Haiti,Haiti,Haiti,Haiti,Haiti,Haiti,Гаїті,Haiti,아이티,海地,Haiti,ハイチ,Haïti,เฮติ
HU,/hun,bystronic_hun,europe,hu,Hungary,Hungary,Ungarn,Hongrie,Hungría,匈牙利,Ungheria,Hungria,Ungern,Ungern,Unkari,Węgry,Macaristan,Ungaria,Maďarsko,Угорщина,Hungari,헝가리,匈牙利,Magyarország,ハンガリー,Hongarije,ฮังการี
ID,/sgp,bystronic_sgp,asia,en,Indonesia,Indonesia,Indonesien,Indonésie,Indonesia,印度尼西亚,Indonesia,Indonésia,Indonesien,Indonesien,Indonesia,Indonezja,Endonezya,Indonezia,Indonésie,Індонезія,Inđônêxia,인도네시아,印度尼西亞,Indonézia,インドネシア,Indonesië,อินโดนีเซีย
IE,/gbr,bystronic_gbr,europe,en,Ireland,Ireland,Irland,Irlande,Irlanda,爱尔兰,Irlanda,Irlanda,Irland,Irland,Irlanti,Irlandia,İrlanda,Irlanda,Irsko,Ірландія,Ailen,아일랜드,愛爾蘭,Írország,アイルランド,Ierland,ไอร์แลนด์
IL,/che,bystronic_che,middle-east,"en, de",Israel,Israel,Israel,Israël,Israel,以色列,Israele,Israel,Israel,Israel,Israel,Izrael,İsrail,Israel,Izrael,Ізраїль,Ixraen,이스라엘,以色列,Izrael,イスラエル,Israël,อิสราเอล
IN,/ind,bystronic_ind,asia,en,India,India,Indien,Inde,India,印度,India,Índia,Indien,Indien,Intia,Indie,Hindistan,India,Indie,Індія,Ấn Độ,인도,印度,India,インド,Indië,อินเดีย
IO,/sgp,bystronic_sgp,asia,en,British Indian Ocean Territory,British Indian Ocean Territory,Britisches Territorium im Indischen Ozean,Territoire britannique de l'océan Indien,Territorio Británico del Océano Índico,英属印度洋领地,Territorio Britannico dell'Oceano Indiano,Território Britânico e Oceano Índico,Britiska territoriet i Indiska oceanen,Britiske territorie i det Indiske ocean,Brittiläinen Intian valtameren alue,Terytorium Brytyjskie na Oceanie Indyjskim,Hint Okyanusundaki İngiliz Bölgesi,Teritoriul Britanic din Oceanul Indian,Britské teritorium v Indickém oceáně,Британскькі территорії в Індійському океані,Lãnh thổ Ấn Độ Dương thuộc Anh,영국령인도양지역,英屬印度洋領地,Brit Indiai-óceáni Terület,イギリス領インド洋地域,Brits-Indisch oceaan gebied,บริติชอินเดียนโอเชียนเทร์ริทอรี
IQ,/int,bystronic_com,middle-east,en,Iraq,Iraq,Irak,Irak,Iraq,伊拉克,Irak,Iraque,Irak,Irak,Irak,Irak,Irak,Irak,Irák,Ірак,Irắc,이라크,伊拉克,Irak,イラク,Irak,อิรัก
IR,/int,bystronic_com,middle-east,"en, fr",Iran,Iran,Iran,Iran,Irán,伊朗,Iran,Irã,Iran,Iran,Iran,Iran,İran,Iran,Írán,Іран,Iran,이란,伊朗,Irán,イラン,Iran,อิหร่าน
IS,/sca,bystronic_sca,europe,"se, fi, da",Iceland,Iceland,Island,Islande,Islandia,冰岛,Islanda,Islândia,Island,Island,Islanti,Islandia,İzlanda,Islanda,Island,Ісландія,Aixơlen,아이슬란드,冰島,Izland,アイスランド,IJsland,ไอซ์แลนด์
IT,/ita,bystronic_ita,europe,it,Italy,Italy,Italien,Italie,Italia,意大利,Italia,Itália,Italien,Italien,Italia,Włochy,İtalya,Italia,Itálie,Італія,Italia,이탈리아,意大利,Olaszország,イタリア,Italië,อิตาลี
JM,/usa,bystronic_usa,north-america,en,Jamaica,Jamaica,Jamaika,Jamaïque,Jamaica,牙买加,Giamaica,Jamaica,Jamaica,Jamaica,Jamaika,Jamajka,Jamaika,Jamaica,Jamajka,Ямайка,Giamaica,자메이카,牙買加,Jamaica,ジャマイカ,Jamaica,จาเมกา
JO,/int,bystronic_com,middle-east,"en, fr, de",Jordan,Jordan,Jordanien,Jordanie,Jordania,约旦,Giordania,Jordânia,Jordanien,Jordan,Jordania,Jordania,Ürdün,Iordania,Jordánsko,Іорданія,Gioócđani,요르단,約旦,Jordánia,ヨルダン,Jordanië,จอร์แดน
JP,/jpn,bystronic_jpn,asia,ja,Japan,Japan,Japan,Japon,Japón,日本,Giappone,Japão,Japan,Japan,Japani,Japonia,Japonya,Japonia,Japonsko,Японія,Nhật Bản,일본,日本,Japán,日本,Japan,ญี่ปุ่น
KE,/zaf,bystronic_zaf,africa,"en, de",Kenya,Kenya,Kenia,Kenya,Kenia,肯尼亚,Kenia,Quênia,Kenya,Kenya,Kenia,Kenia,Kenya,Kenya,Keňa,Кенія,Kênia,케냐,肯亞,Kenya,ケニア,Kenia,เคนยา
KG,/ukr,bystronic_ukr,asia,uk,Kyrgyzstan,Kyrgyzstan,Kirgisistan,Kirghizistan,Kirguizistán,吉尔吉斯斯坦,Kirghizistan,Quirguistão,Kirgizistan,Kirgisistan,Kirgisia,Kirgisistan,Kırgızistan,Kîrgîzstan,Kirgizsko,Киргизстан,Cưrơgưdơxtan,키르기스스탄,吉爾吉斯,Kirgizisztán,キルギス,Kirgizië,คีร์กีซสถาน
KH,/sgp,bystronic_sgp,asia,en,Cambodia,Cambodia,Kambodscha,Cambodge,Camboya,柬埔寨,Cambogia,Camboja,Kambodja,Cambodja,Kambodža,Kambodża,Kamboçya,Cambodgia,Kambodža,Камбоджа,Campuchia,캄보디아,柬埔寨,Kambodzsa,カンボジア,Cambodja,กัมพูชา
KI,/sgp,bystronic_sgp,oceania,en,Kiribati,Kiribati,Kiribati,Kiribati,Kiribati,基里巴斯,Kiribati,Kiribati,Kiribati,Comorerne,Kiribati,Kiribati,Kirbati,Kiribati,Kiribati,Кірібаті,Kiribati,키리바시,基里巴斯,Kiribati,キリバス,Kiribati,คิริบาส
KM,/zaf,bystronic_zaf,africa,en,Comoros,Comoros,Komoren,Comores,Comoras,科摩罗群岛,Comore,Ilhas Comores,Komorerna,Komorerna,Komorit,Komory,Komor Adaları,Insulele Comore,Komory,Коморські острови,Comoros,코모로,科摩罗,Comore-szigetek,コモロ,Comoren,คอโมโรส
KN,/usa,bystronic_usa,north-america,en,Saint Kitts and Nevis,Saint Kitts and Nevis,St. Kitts und Nevis,St-Kitts-et-Nevis,San Cristóbal y Nieves,圣克里斯多福与尼维斯,Saint Christopher e Nevis,St. Kitts e Nevis,Saint Kitts och Nevis,St. Kitts og Nevis,Saint Kitts ja Nevis,St. Kitts i Nevis,St. Kitts ve Nevis,Sfântul Kitts și Nevis,St. Kitts a Nevis,Сент-Кітс та Невіс,Saint Kitts và Nevis,세인트키츠네비스,圣基茨和尼维斯,Saint Kitts és Nevis,セントクリストファー・ネーヴィス,Saint Kitts en Nevis,เซนต์คิตส์และเนวิส
KP,/int,bystronic_com,asia,en,North Korea,North Korea,Demokratische Volksrepublik Korea,République démocratique de Corée,Corea del Norte,朝鲜民主主义人民共和国,Repubblica popolare democratica di Corea,Coréia do Norte,Nordkorea,Nordkorea,Pohjois-Korea,Koreańska Republika Ludowo-Demokratyczna,Demokratik Kore Halk Cumhuriyeti,Coreea de Nord,Korejská lidově demokratická republika,Корейська Народна Демократична Республіка,Cộng hòa Dân chủ Nhân dân Triều Tiên,North Korea,朝鮮民主主義人民共和國,Észak-Korea,朝鮮民主主義人民共和国,Noord-Korea,เกาหลีเหนือ
KR,/kor,bystronic_kor,asia,ko,South Korea,South Korea,Korea,République de Corée,Corea del Sur,大韩民国,Corea del Sud,Coréia do Sul,Sydkorea,Sydkorea,Etelä-Korea,Republika Korei,Kore Cumhuriyeti,Coreea de Sud,Korejská republika,Корейська Республіка,Đại Hàn Dân quốc,대한민국,大韓民國,Dél-Korea,韓国,Zuid-Korea,เกาหลีใต้
KW,/int,bystronic_com,middle-east,"en, fr",Kuwait,Kuwait,Kuwait,Koweït,Kuwait,科威特,Kuwait,Kuait,Kuwait,Kuwait,Kuwait,Kuwejt,Kuveyt,Kuweit,Kuvajt,Кувейт,Côoét,쿠웨이트,科威特,Kuvait,クウェート,Koeweit,คูเวต
KY,/usa,bystronic_usa,north-america,en,Cayman Islands,Cayman Islands,Kaimaninseln,Iles Caïmans,Islas Caimán,开曼群岛,Isole Cayman,Ilhas Cayman,Caymanöarna,Caymanøerne,Caymansaaret,Kajmany,Cayman Adaları,Insulele Cayman,Kajmanské ostrovy,Кайманові острови,Quần đảo Cayman,케이맨제도,開曼群島,Kajmán-szigetek,ケイマン諸島,Kaaiman Eilanden,หมู่เกาะเคย์แมน
KZ,/ukr,bystronic_ukr,asia,uk,Kazakhstan,Kazakhstan,Kasachstan,Kazakhstan,Kazajistán,哈萨克斯坦,Kazakistan,Casaquistão,Kazakstan,Kasakhstan,Kazakstan,Kazachstan,Kazakistan,Kazahstan,Kazachstán,Казастан,Cadắcxtan,카자흐스탄,哈薩克,Kazahsztán,カザフスタン,Kazachstan,คาซัคสถาน
LA,/sgp,bystronic_sgp,asia,en,Laos,Laos,Laos,Laos,Laos,老挝,Laos,Laos,Laos,Laos,Laos,Laos,Laos,Laos,Laos,Лаос,Lào,라오스,老撾,Laosz,ラオス,Laos,ลาว
LB,/int,bystronic_com,middle-east,"en, fr",Lebanon,Lebanon,Libanon,Liban,Líbano,黎巴嫩,Libano,Líbano,Libanon,Libanon,Libanon,Liban,Lübnan,Liban,Libanon,Ліван,Libăng,레바논,黎巴嫩,Libanon,レバノン,Libanon,เลบานอน
LC,/usa,bystronic_usa,north-america,en,Saint Lucia,Saint Lucia,St. Lucia,Ste-Lucie,Santa Lucía,圣卢西亚,Saint Lucia,St. Lucia,Saint Lucia,St. Lucia,Saint Lucia,Św. Łucja,St. Lucia,Sfânta Lucia,Svatá Lucie,Сент-Люсія,Saint Lucia,세인트루시아,聖露西亞,Saint Lucia,セントルシア,Saint Lucia,เซนต์ลูเชีย
LI,/che,bystronic_che,europe,"ch, de, fr, it",Liechtenstein,Liechtenstein,Liechtenstein,Liechtenstein,Liechtenstein,列支敦士登,Liechtenstein,Liechtenstein,Liechtenstein,Liechtenstein,Liechtenstein,Liechtenstein,Liechtenstein,Liechtenstein,Lichtenštejnsko,Ліхтенштейн,Líttenxơtên,리히텐슈타인,列支敦士登,Liechtenstein,リヒテンシュタイン,Liechtenstein,ลิกเตนสไตน์
LK,/ind,bystronic_ind,asia,en,Sri Lanka,Sri Lanka,Sri Lanka,Sri Lanka,Sri Lanka,斯里兰卡,Sri Lanka,Sri Lanka,Sri Lanka,Sri Lanka,Sri Lanka,Sri Lanka,Sri Lanka,Sri Lanka,Srí Lanka,Шрі-Ланка,Xri Lanca,스리랑카,斯裡蘭卡,Sri Lanka,スリランカ,Sri Lanka,ศรีลังกา
LR,/zaf,bystronic_zaf,africa,en,Liberia,Liberia,Liberia,Liberia,Liberia,利比里亚,Liberia,Libéria,Liberia,Liberia,Liberia,Liberia,Liberya,Liberia,Libérie,Ліберія,Liberia,라이베리아,賴比瑞亞,Libéria,リベリア,Liberia,ไลบีเรีย
LS,/zaf,bystronic_zaf,africa,en,Lesotho,Lesotho,Lesotho,Lesotho,Lesoto,莱索托,Lesotho,Lesoto,Lesotho,Lesotho,Lesotho,Lesotho,Lesoto,Lesotho,Lesotho,Лесото,Lêxôthô,레소토,賴索托,Lesotho,レソト,Lesotho,เลโซโท
LT,/sca,bystronic_sca,europe,"se, fi, da",Lithuania,Lithuania,Litauen,Lituanie,Lituania,立陶宛,Lituania,Lituânia,Litauen,Litauen,Liettua,Litwa,Litvanya,Lituania,Litva,Литва,Lítva,리투아니아,立陶宛,Litvánia,リトアニア,Litouwen,ลิทัวเนีย
LU,/blx,bystronic_blx,europe,"nl, be, de",Belgium,Belgium,Luxemburg,Luxembourg,Luxemburgo,卢森堡,Lussemburgo,Luxemburgo,Luxemburg,Luxenbourg,Luxemburg,Luksemburg,Lüksemburg,Luxemburg,Lucembursko,Люксембург,Lúcxămbua,룩셈부르크,盧森堡,Luxemburg,ルクセンブルク,Luxemburg,ลักเซมเบิร์ก
LV,/sca,bystronic_sca,europe,"se, fi, da",Latvia,Latvia,Lettland,Lettonie,Letonia,拉脱维亚,Lettonia,Letônia,Lettland,Letland,Latvia,Łotwa,Letonya,Letonia,Lotyšsko,Латвія,Látvia,라트비아,拉脫維亞,Lettország,ラトビア,Letland,ลัตเวีย
LY,/int,bystronic_com,middle-east,"en, fr",Libya,Libya,Libyen,Libye,Libia,利比亚,Libia,Líbia,Libyen,Libyen,Libya,Libia,Libya,Libia,Libye,Лібія,Libi,리비아,利比亞,Libia,リビア,Libië,ลิเบีย
MA,/fra,bystronic_fra,africa,fr,Morocco,Morocco,Marokko,Maroc,Marruecos,摩洛哥,Marocco,Marrocos,Marocko,Marokko,Marokko,Maroko,Fas,Maroc,Maroko,Марокко,Marốc,모로코,摩洛哥,Marokkó,モロッコ,Marokko,โมร็อกโก
MC,/fra,bystronic_fra,africa,fr,Monaco,Monaco,Monaco,Monaco,Mónaco,摩纳哥,Monaco,Mônaco,Monaco,Monaco,Monaco,Monako,Monaco,Monaco,Monako,Монако,Mônacô,모나코,摩納哥,Monaco,モナコ,Monaco,โมนาโก
MD,/ukr,bystronic_ukr,asia,uk,Moldova,Moldova,Republik Moldau,République de Moldavie,Moldavia,摩尔多瓦共和国,Repubblica Moldova,República Moldau,Moldavien,Moldavien,Moldova,Republika Mołdawii,Moldova Cumhuriyeti,Moldova,Moldavsko,Молдова,Mônđôva,몰르더바,摩爾多瓦共和國,Moldova,モルドバ,Moldavië,มอลโดวา
ME,/che,bystronic_che,europe,en,Montenegro,Montenegro,Montenegro,Monténégro,Montenegro,黑山共和国,Montenegro,Montenegro,Montenegro,Montenegro,Montenegro,Czarnogóra,Karadağ,Muntenegru,Černá Hora,Чорногорія,Môngtênêgrô,몬테네그로,蒙特內哥羅,Montenegró,モンテネグロ,Montenegro,มอนเตเนโกร
MG,/zaf,bystronic_zaf,africa,en,Madagascar,Madagascar,Madagaskar,Madagascar,Madagascar,马达加斯加,Madagascar,Madagascar,Madagaskar,Madagaskar,Madagaskar,Madagaskar,Madagaskar,Madagascar,Madagaskar,Мадагаскар,Mađagátxca,마다가스카르,馬達加斯加,Madagaszkár,マダガスカル,Madagaskar,มาดากัสการ์
MH,/sgp,bystronic_sgp,oceania,en,Marshall Islands,Marshall Islands,Marshallinseln,Îles Marshall,Islas Marshall,马绍尔群岛,Isole Marshall,Ilhas Marshall,Marshallöarna,Marshalløerne,Marshallinsaaret,Wyspy Marshalla,Marshall Adaları,Insulele Marshall,Marshallovy ostrovy,Маршаллові острови,Quần đảo Mácsan,마샬군도,馬紹爾群島,Marshall-szigetek,マーシャル共和国,Marshalleilanden,หมู่เกาะมาร์แชลล์
MK,/che,bystronic_che,europe,en,Macedonia,Macedonia,Mazedonien,Macédoine,Macedonia,马其顿,Macedonia,Macedônia,Makedonien,Makedonien,Makedonia,Mazedonia,Makedonya,Macedonia,Makedonie,Македонія,Maxêđônia,마케도니아,馬其頓,Macedónia,マケドニア,Macedonië,มาซิโดเนีย
ML,/zaf,bystronic_zaf,africa,en,Mali,Mali,Mali,Mali,Malí,马里,Mali,Mali,Mali,Mali,Mali,Mali,Mali,Mali,Mali,Малі,Mali,말리,馬利,Mali,マリ,Mali,มาลี
MM,/sgp,bystronic_sgp,asia,en,Myanmar,Myanmar,Myanmar,Myanmar,Birmania,缅甸,Myanmar,Myanmar,Myanmar,Myanmar,Myanmar,Myanmar,Myanmar,Myanmar,Myanmar,Мьянма,Mianma,미얀마,緬甸,Mianmar,ミャンマー,Myanmar,พม่า
MN,/int,bystronic_com,asia,en,Mongolia,Mongolia,Mongolei,Mongolie,Mongolia,蒙古,Mongolia,Mongólia,Mongoliet,Mongoliet,Mongolia,Mongolia,Moğolistan,Mongolia,Mongolsko,Монголія,Mông Cổ,몽골,蒙古,Mongólia,モンゴル,Mongolië,มองโกเลีย
MO,/chn,bystronic_chn,asia,zh,Macau,Macau,Macau,Macao,Macao,澳门,Macao,Macau,Macao,Macao,Macao,Makao,Makau,Macao,Macao,Макау,Áo Môn (Macau),마카오,澳門,Makaó,マカオ,Macau,มาเก๊า
MP,/sgp,bystronic_sgp,oceania,en,Northern Marianas,Northern Marianas,Nördliche Marianen,Mariannes du Nord,Islas Marianas del Norte,北马利亚纳群岛,Marianne Settentrionali,Marianas do Norte,Nordmarianerna,Nordmarianerne,Pohjois-Mariaanit,Mariany Północne,Kuzey Mariana Adaları,Comunitatea Insulelor Mariane de Nord,Severní Mariany,Північні Маріанські острови,Quần đảo Bắc Mariana,북마리아나제도,北馬利亞納群島,Északi-Mariana-szigetek,北マリアナ諸島,Noordelijke Marianen,หมู่เกาะนอร์เทิร์นมาเรียนา
MQ,/usa,bystronic_usa,north-america,en,Martinique,Martinique,Martinique,Martinique,Martinica,马提尼克岛,Martinica,Martinica,Martinique,Martinique,Martinique,Martynika,Martinik,Martinica,Martinik,Мартініка,Martinique,마르티니크,馬提尼克,Martinique,マルティニーク,Martinique,มาร์ตีนิก
MR,/zaf,bystronic_zaf,africa,en,Mauritania,Mauritania,Mauretanien,Mauritanie,Mauritania,毛里塔尼亚,Mauritania,Mauritânia,Mauretanien,Mauretanien,Mauritania,Mauretania,Moritanya,Mauritania,Mauretánie,Мавританія,Môritani,모리타니아,茅利塔尼亞,Mauritánia,モーリタニア,Mauritanië,มอริเตเนีย
MS,/usa,bystronic_usa,north-america,en,Montserrat,Montserrat,Montserrat,Montserrat,Montserrat,蒙特塞拉特岛,Montserrat,Montserrat,Montserrat,Montserrat,Montserrat,Montserrat,Monserat,Montserrat,Montserrat,Монтсеррат,Montserrat,몬세라,蒙塞拉特島,Montserrat,モントセラト,Montserrat,มอนต์เซอร์รัต
MT,/ita,bystronic_ita,europe,it,Malta,Malta,Malta,Malte,Malta,马耳他,Malta,Malta,Malta,Malta,Malta,Malta,Malta,Malta,Malta,Мальта,Manta,몰타,馬耳他,Málta,マルタ,Malta,มอลตา
MU,/zaf,bystronic_zaf,africa,en,Mauritius,Mauritius,Mauritius,Maurice,Mauricio,毛里求斯,Mauritius,Maurício,Mauritius,Mauritius,Mauritius,Mauritius,Morityus,Mauritius,Mauricius,Маврикій,Môrixơ,모리셔스,毛里求斯,Mauritius,モーリシャス,Mauritius,มอริเชียส
MV,/sgp,bystronic_sgp,asia,en,Maldives,Maldives,Malediven,Maldives,Maldivas,马尔代夫群岛,Maldive,Malediva,Maldiverna,Maldiverne,Malediivit,Malediwy,Maldiv Adaları,Maldive,Maledivy,Мальдіви,Manđivơ,몰디브,馬爾代夫,Maldív-szigetek,モルディブ,Maldiven,มัลดีฟส์
MW,/zaf,bystronic_zaf,africa,en,Malawi,Malawi,Malawi,Malawi,Malaui,马拉维,Malawi,Malawi,Malawi,Malawi,Malawi,Malawi,Malavi,Malawi,Malawi,Малаві,Malauy,말라위,馬拉威,Malawi,マラウイ,Malawi,มาลาวี
MX,/mex,bystronic_mex,north-america,es,Mexico,Mexico,Mexiko,Mexique,México,墨西哥,Messico,México,Mexiko,Mexico,Meksiko,Meksyk,Meksika,Mexic,Mexiko,Мексика,Mêhicô,멕시코,墨西哥,Mexikó,メキシコ,Mexico,เม็กซิโก
MY,/sgp,bystronic_sgp,asia,en,Malaysia,Malaysia,Malaysia,Malaisie,Malasia,马来西亚,Malaysia,Malásia,Malaysia,Malaysia,Malesia,Malezja,Malezya,Malaezia,Malajsie,Малайзія,Malayxia,말레이시아,馬來西亞,Malajzia,マレーシア,Maleisië,มาเลเซีย
MZ,/zaf,bystronic_zaf,africa,en,Mozambique,Mozambique,Mosambik,Mozambique,Mozambique,莫桑比克,Mozambico,Moçambique,Moçambique,Mozambique,Mosambik,Mozambik,Mozambik,Mozambic,Mozambik,Мозамбік,Môdămbích,모잠비크,莫桑比克,Mozambik,モザンビーク,Mozambique,โมซัมบิก
NA,/zaf,bystronic_zaf,africa,en,Namibia,Namibia,Namibia,Namibie,Namibia,纳米比亚,Namibia,Namíbia,Namibia,Namibia,Namibia,Namibia,Namibya,Namibia,Namibie,Намібія,Namibia,나미비아,納米比亞,Namíbia,ナミビア,Namibië,นามิเบีย
NC,/aus,bystronic_aus,oceania,en,New Caledonia,New Caledonia,Neukaledonien,Nouvelle-Calédonie,Nueva Caledonia,新喀里多尼亚,Nuova Caledonia,Nova Caledônia,Nya Kaledonien,Ny Kaledonien,Uusi-Kaledonia,Nowa Kaledonia,Yeni Kaledonya,Noua Caledonie,Nová Kaledonie,Нова Каледонія,Nouvelle-Calédonie,뉴칼레도니아,新卡裡多尼亞,Új-Kaledónia,ニューカレドニア,Nieuw-Caledonië,นิวแคลิโดเนีย
NE,/zaf,bystronic_zaf,africa,en,Niger,Niger,Niger,Niger,Nigeria,尼日尔,Niger,Níger,Niger,Niger,Niger,Niger,Nijer,Niger,Niger,Нігер,Nigiê,니제르,尼日爾,Niger,ニジェール,Niger,ไนเจอร์
NG,/zaf,bystronic_zaf,africa,en,Nigeria,Nigeria,Nigeria,Nigeria,Nigeria,尼日利亚,Nigeria,Nigéria,Nigeria,Nigeria,Nigeria,Nigeria,Nijerya,Nigeria,Nigérie,Нігерія,Nigiêria,나이지리아,奈及利亞,Nigéria,ナイジェリア,Nigeria,ไนจีเรีย
NI,/mex,bystronic_mex,north-america,es,Nicaragua,Nicaragua,Nicaragua,Nicaragua,Nicaragua,尼加拉瓜,Nicaragua,Nicarágua,Nicaragua,Nicaragua,Nicaragua,Nikaragua,Nikaragua,Nicaragua,Nikaragua,Нікарагуа,Nicaragoa,니카라과,尼加拉瓜,Nicaragua,ニカラグア,Nicaragua,นิการากัว
NL,/blx,bystronic_blx,europe,"nl, be, de",Belgium,Belgium,Niederlande,Pays-Bas,Países Bajos,荷兰,Olanda,Holanda,Nederländerna,Holland,Alankomaat,Holandia,Hollanda,Olanda,Holandsko,Нідерланди,Hà Lan,네덜란드,荷蘭,Hollandia,オランダ,Nederland,เนเธอร์แลนด์
NO,/sca,bystronic_sca,europe,"se, fi, da",Norway,Norway,Norwegen,Norvège,Noruega,挪威,Norvegia,Noruega,Norge,Norge,Norja,Norwegia,Norveç,Norvegia,Norsko,Норвегія,Na Uy,노르웨이,挪威,Norvégia,ノルウェー,Noorwegen,นอร์เวย์
NP,/sgp,bystronic_sgp,asia,en,Nepal,Nepal,Nepal,Népal,Nepal,尼泊尔,Nepal,Nepal,Nepal,Nepal,Nepal,Nepal,Nepal,Nepal,Nepál,Непал,Nêpan,네팔,尼泊爾,Nepál,ネパール,Nepal,เนปาล
NR,/sgp,bystronic_sgp,oceania,en,Nauru,Nauru,Nauru,Nauru,Nauru,瑙鲁,Nauru,Nauru,Nauru,Nauru,Nauru,Nauru,Nauru,Nauru,Nauru,Науру,Nauru,나우루,諾魯 (瑙鲁),Nauru,ナウル,Nauru,นาอูรู
NU,/sgp,bystronic_sgp,oceania,en,Niue,Niue,Niue,Niue,Niue,纽埃岛,Niue,Niue,Niue,Niue,Niue,Niue,Niue,Insulele Niue,Niue,Ніуе,Niue,니우에,紐埃,Niue,ニウエ,Niue,นีวเว
NZ,/aus,bystronic_aus,oceania,en,New Zealand,New Zealand,Neuseeland,Nouvelle-Zélande,Nueva Zelanda,新西兰,Nuova Zelanda,Nova Zelândia,Nya Zeeland,New Zealand,Uusi-Seelanti,Nowa Zelandia,Yeni Zellanda,Noua Zeelandă,Nový Zéland,Нова Зеландія,Niu Dilân,뉴질랜드,新西蘭,Új-Zéland,ニュージーランド,Nieuw-Zeeland,นิวซีแลนด์
OM,/int,bystronic_com,middle-east,"en, fr",Oman,Oman,Oman,Oman,Omán,阿曼,Oman,Omã,Oman,Oman,Oman,Oman,Oman,Oman,Omán,Оман,Ôman,오만,阿曼,Omán,オマーン,Oman,โอมาน
PA,/mex,bystronic_mex,north-america,es,Panama,Panama,Panama,Panama,Panamá,巴拿马,Panama,Panamá,Panama,Panama,Panama,Panama,Panama,Panama,Panama,Панама,Panama,파나마,巴拿馬,Panama,パナマ,Panama,ปานามา
PE,/bra,bystronic_bra,south-america,es,Peru,Peru,Peru,Pérou,Perú,秘鲁,Per&ugrave;,Peru,Peru,Peru,Peru,Peru,Peru,Peru,Peru,Перу,Pêru,페루,秘魯,Peru,ペルー,Peru,เปรู
PF,/sgp,bystronic_sgp,oceania,en,French Polynesia,French Polynesia,Französisch-Polynesien,Polynésie française,Polinesia Francesa,法属波利尼西亚,Polinesia Francese,Polinésia Francesa,Franska Polynesien,Fransk Polynesien,Ranskan Polynesia,Polinezja Francuska,Fransız Polenezyası,Polinezia Franceză,Francouzská Polynésie,Французська Полінезія,Polynésie thuộc Pháp,프랑스령폴리네시아,法屬波利尼西亞,Francia Polinézia,フランス領ポリネシア,Frans-Polynesië,เฟรนช์พอลินีเชีย
PG,/sgp,bystronic_sgp,oceania,en,Papua New Guinea,Papua New Guinea,Papua-Neuguinea,Papouasie-Nouvelle-Guinée,Papúa-Nueva Guinea,巴布亚新几内亚,Papua Nuova Guinea,Papua-Nova Guinea,Papua Nya Guinea,Papua Nya Guinea,Papua-Uusi-Guinea,Papua-Nowa Gwinea,Papua Yeni Gine,Papua Noua Guinee,Papua-Nová Guinea,Папуа - Новая Гвінея,Papua Niu Ghinê,파푸아뉴기니,巴布亞新幾內亞,Pápua Új-Guinea,パプアニューギニア,Papoea-Nieuw-Guinea,ปาปัวนิวกินี
PH,/int,bystronic_com,asia,en,Philippines,Philippines,Philippinen,Philippines,Filipinas,菲律宾,Filippine,Filipinas,Filippinerna,Filippinerne,Filippiinit,Filipiny,Filipinler,Filipine,Filipíny,Філіпіни,Philíppin,필리핀,菲律賓,Fülöp-szigetek,フィリピン,Filipijnen,ฟิลิปปินส์
PK,/int,bystronic_com,asia,"en, fr",Pakistan,Pakistan,Pakistan,Pakistan,Paquistán,巴基斯坦,Pakistan,Paquistão,Pakistan,Pakistan,Pakistan,Pakistan,Pakistan,Pakistan,Pákistán,Пакістан,Pakixtan,파키스탄,巴基斯坦,Pakisztán,パキスタン,Pakistan,ปากีสถาน
PL,/pol,bystronic_pol,europe,pl,Poland,Poland,Polen,Pologne,Polonia,波兰,Polonia,Polônia,Polen,Polen,Puola,Polska,Polonya,Polonia,Polsko,Польща,Ba Lan,폴란드,波蘭,Lengyelország,ポーランド,Polen,โปแลนด์
PM,/can,bystronic_can,north-america,en,Saint Pierre and Miquelon,Saint Pierre and Miquelon,St. Pierre und Miquelon,St-Pierre-et-Miquelon,San Pedro y Miquelón,圣皮埃尔和密克隆群岛,Saint Pierre e Miquelon,St. Pierre e Miquelon,Saint Pierre och Miquelon,St. Pierre og Miquelon,Saint-Pierre ja Miquelon,St. Pierre i Miquelon,St. Pierre ve Miquelon,Saint Pierre și Miquelon,St. Pierre a Miquelon,Сен-П'єр і Мікелон,Saint-Pierre và Miquelon,생피에르미클롱,聖皮埃與密克隆群島,Saint-Pierre és Miquelon,サンピエール・ミクロン諸島,Saint Pierre en Miquelon,แซ็งปีแยร์และมีเกอลง
PN,/sgp,bystronic_sgp,oceania,en,Pitcairn Islands,Pitcairn Islands,Pitcairninseln,Pitcairn,Islas Pitcairn,皮特康岛,Isole Pitcairn,Ilhas Pitcairn,Pitcairn,Pitcairn,Pitcairn,Wyspy Pitcair,Pitcairn Adaları,Insulele Pitcairn,Ostrovy Pictarin,Піткерн,Quần đảo Pitcairn,핏케언제도,皮特凯恩群岛,Pitcairn-szigetek,ピトケアン諸島,Pitcairneilanden,หมู่เกาะพิตแคร์น
PR,/usa,bystronic_usa,north-america,en,Puerto Rico,Puerto Rico,Puerto Rico,Porto Rico,Puerto Rico,波多黎各,Porto Rico,Porto Rico,Puerto Rico,Puerto Rico,Puerto Rico,Puerto Rico,Porto Riko,Puerto Rico,Portoriko,Пуерто-Ріко,Púectô Ricô,푸에르토리코,波多黎各,Puerto Rico,プエルトリコ,Puerto Rico,ปวยร์โตรีโก
PT,/esp,bystronic_esp,europe,es,Portugal,Portugal,Portugal,Portugal,Portugal,葡萄牙,Portogallo,Portugal,Portugal,Portugal,Portugali,Portugalia,Portekiz,Portugalia,Portugalsko,Португалія,Bồ Đào Nha,포르투갈,葡萄牙,Portugália,ポルトガル,Portugal,โปรตุเกส
PW,/sgp,bystronic_sgp,oceania,en,Palau,Palau,Palau,Palau,Palaos,帕劳群岛,Palau,Palau,Palau,Palau,Palau,Palau,Palau,Palau,Palau,Палау,Palau,팔라우,帕勞,Palau,パラオ,Palau,ปาเลา
PY,/bra,bystronic_bra,south-america,es,Paraguay,Paraguay,Paraguay,Paraguay,Paraguay,巴拉圭,Paraguay,Paraguai,Paraguay,Paraguay,Paraguay,Paragwaj,Paraguay,Paraguay,Paraguay,Парагвай,Paragoay,파라과이,巴拉圭,Paraguay,パラグアイ,Paraguay,ปารากวัย
QA,/int,bystronic_com,middle-east,"en, fr",Qatar,Qatar,Katar,Qatar,Qatar,卡塔尔,Qatar,Qatar,Qatar,Qatar,Qatar,Katar,Katar,Qatar,Katar,Катар,Cata,카타르,卡塔爾,Katar,カタール,Qatar,กาตาร์
RE,/zaf,bystronic_zaf,africa,en,Réunion,Réunion,Réunion,Réunion,Reunión,留尼汪岛,Riunione,Réunion,Réunion,Réunion,Réunion,Réunion,Reunion Adası,La Réunion,Réunion,Реюньон,Réunion,레위니옹,留尼旺島,Réunion,レユニオン島,Réunion,เรอูว์นียง
RO,/rou,bystronic_rou,europe,ro,Romania,Romania,Rumänien,Roumanie,Rumanía,罗马尼亚,Romania,Romênia,Rumänien,Rumænien,Romania,Rumunia,Romanya,România,Rumunsko,Румунія,Rumani,루마니아,羅馬尼亞,Románia,ルーマニア,Roemenië,โรมาเนีย
RS,/aut,bystronic_aut,europe,"en, de",Serbia,Serbia,Serbien,Serbie,Serbia,塞尔维亚,Serbia,Sérvia,Serbien,Serbien,Serbia,Serbia,Sırbistan,Serbia,Srbsko,Сербія,Xécbia,세르비아,塞爾維亞,Szerbia,セルビア,Servië,เซอร์เบีย
RW,/zaf,bystronic_zaf,africa,en,Rwanda,Rwanda,Ruanda,Rwanda,Ruanda,卢旺达,Ruanda,Ruanda,Rwanda,Rwanda,Ruanda,Rwanda,Ruanda,Rwanda,Rwanda,Руанда,Ruanđa,르완다,盧安達,Ruanda,ルワンダ,Rwanda,รวันดา
SA,/int,bystronic_com,middle-east,"en, fr",Saudi Arabia,Saudi Arabia,Saudi-Arabien,Arabie Saoudite,Arabia Saudí,沙特阿拉伯,Arabia Saudita,Arábia Saudita,Saudiarabien,Saudi-Arabien,Saudi-Arabia,Arabia Saudyjska,Saudi Arabistan,Arabia Saudită,Saudská Arábie,Саудівська Аравія,Arập Xêút,사우디아라비아,沙特阿拉伯,Szaúd-Arábia,サウジアラビア,Saoedi-Arabië,ซาอุดีอาระเบีย
SB,/aus,bystronic_aus,oceania,en,Solomon Islands,Solomon Islands,Salomonen,Iles Salomon,Islas Salomón,所罗门群岛,Salomone,Ilhas Salomão,Salomonöarna,Salomonøerne,Salomonsaaret,Wyspy Salomona,Solomon Adaları,Insulele Solomon,šalamounovy ostrovy,Саломонові острови,Quần đảo Xôlômông,솔로몬제도,索羅門群島,Salamon-szigetek,ソロモン諸島,Salomonseilanden,โซโลมอน
SC,/zaf,bystronic_zaf,africa,en,Seychelles,Seychelles,Seychellen,Seychelles,Seychelles,塞舌尔,Seychelles,Seychelles,Seychellerna,Seychellerne,Seychellit,Seszele,Seysel Adaları,Seychelles,Seychely,Сейшельські острови,Xâysen,세이셸,塞席爾,Seychelle-szigetek,セーシェル,Seychellen,เซเชลส์
SD,/zaf,bystronic_zaf,africa,en,Sudan,Sudan,Sudan,Soudan,Sudán,苏丹,Sudan,Sudão,Sudan,Sudan,Sudan,Sudan,Sudan,Sudan,Súdán,Судан,Xuđăng,수단,蘇丹,Szudán,スーダン,Soedan,ซูดาน
SE,/sca,bystronic_sca,europe,"se, fi, da",Sweden,Sweden,Schweden,Suède,Suecia,瑞典,Svezia,Suécia,Sverige,Sverige,Ruotsi,Szwecja,İsveç,Suedia,švédsko,Швеція,Thụy Điển,스웨덴,瑞典,Svédország,スウェーデン,Zweden,สวีเดน
SG,/sgp,bystronic_sgp,asia,en,Singapore,Singapore,Singapur,Singapour,Singapur,新加坡,Singapore,Singapura,Singapore,Singapore,Singapore,Singapur,Singapur,Singapore,Singapur,Сингапур,Xinhgapo,싱가폴,新加坡,Szingapúr,シンガポール,Singapore,สิงคโปร์
SH,/int,bystronic_com,africa,"en, fr",Saint Helena,Saint Helena,St. Helena,Ste-Hélène,Santa Helena,圣赫勒拿,Saint Helena,St. Helena,Saint Helena,St. Helena,Saint Helena,Św. Helena,St. Helena,Insula Sfânta Elena,Svatá Helena,острів Святої Олени,Saint Helena,세인트헬레나,聖赫勒拿島,Szent Ilona,セントヘレナ島,Sint Helena,เซนต์เฮเลนา
SI,/aut,bystronic_aut,europe,"en, de",Slovenia,Slovenia,Slowenien,Slovénie,Eslovenia,斯洛文尼亚,Slovenia,Eslovênia,Slovenien,Slovenien,Slovenia,Słowenia,Slovenya,Slovenia,Slovinsko,Словенія,Xlôvennia,슬로베니아,斯洛文尼亞,Szlovénia,スロベニア,Slovenië,สโลวีเนีย
SJ,/sca,bystronic_sca,europe,"se, fi, da",Svalbard and Jan Mayen,Svalbard and Jan Mayen,Spitzbergen,Svalbard et Jan Mayen,Svalbard y Jan Mayen,斯瓦尔巴岛和扬马延岛,Svalbard e Jan Mayen,Svalbard e Jan Mayen,Svalbard och Jan Mayen,Svalbard og Jan Mayen,Svalbard ja Jan Mayen,Svalbard i Jan Mayen,Svalbard ve Jan Mayen,Svalbard și Jan Mayen,Ostrovy Svalbard a Jan Mayen,Свальбард та Ян Майєн,Svalbard và Jan Mayen,스발바르,斯瓦尔巴群岛,Svalbard és Jan Mayen,スバールバル・ヤンマイエン島,Svalbard en Jan Mayen,สฟาลบาร์และยานไมเอน
SK,/cze,bystronic_cze,europe,cs,Slovakia,Slovakia,Slowakei,Slovaquie,Eslovaquia,斯洛伐克,Slovacchia,Eslováquia,Slovakien,Slovakiet,Slovakia,Słowacja,Slovakya,Slovacia,Slovensko,Словакія,Xlôvakia,슬로바키아,斯洛伐克,Szlovákia,スロバキア,Slowakije,สโลวาเกีย
SL,/zaf,bystronic_zaf,africa,en,Sierra Leone,Sierra Leone,Sierra Leone,Sierra Leone,Sierra Leona,塞拉利昂,Sierra Leone,Serra Leoa,Sierra Leone,Sierra Leone,Sierra Leone,Sierra Leone,Sierra Leone,Sierra Leone,Sierra Leone,С'єрра-Леоне,Xiêra Lêôn,시에라리온,獅子山,Sierra Leone,シエラレオネ,Sierra Leone,เซียร์ราลีโอน
SM,/ita,bystronic_ita,europe,it,San Marino,San Marino,San Marino,Saint-Marin,San Marino,圣马力诺,San Marino,San Marino,San Marino,San Marino,San Marino,San Marino,San Marino,San Marino,San Marino,Сан Маріно,San Marinô,산마리노,聖馬力諾,San Marino,サンマリノ,San Marino,ซานมารีโน
SN,/zaf,bystronic_zaf,africa,en,Senegal,Senegal,Senegal,Sénégal,Senegal,塞内加尔,Senegal,Senegal,Senegal,Senegal,Senegal,Senegal,Senegal,Senegal,Senegal,Сенегал,Xênêgan,세네갈,塞內加爾,Szenegál,セネガル,Senegal,เซเนกัล
SO,/zaf,bystronic_zaf,africa,en,Somalia,Somalia,Somalia,Somalie,Somalia,索马里,Somalia,Somália,Somalia,Somalia,Somalia,Somalia,Somali,Somalia,Somálsko,Сомалія,Xômali,소말리아,索馬利亞,Szomália,ソマリア,Somalië,โซมาเลีย
SR,/bra,bystronic_bra,south-america,es,Suriname,Suriname,Suriname,Suriname,Surinam,苏里南,Suriname,Suriname,Surinam,Surinam,Suriname,Suriname,Surinam,Surinam,Surinam,Сурінам,Xurinam,수리남,蘇里南,Suriname,スリナム,Suriname,ซูรินาม
ST,/zaf,bystronic_zaf,africa,en,São Tomé and Príncipe,São Tomé and Príncipe,São Tomé und Príncipe,São Tomé-et-Príncipe,Santo Tomé y Príncipe,圣多美和普林西比,São Tomé e Príncipe,São Tomé e Príncipe,São Tomé och Príncipe,São Tomé og Príncipe,São Tomé ja Príncipe,São Tomé i Príncipe,São Tomé ve Príncipe,São Tomé și Príncipe,Svatý Tomáš a Princův ostrov,острови Сан-Томе та Прінсіпі,São Tomé and Príncipe,상투메프린시페,聖多美及普林西比,São Tomé és Príncipe,サントメ・プリンシペ,São Tomé en Principe,เซาตูเมและปรินซีปี
SV,/mex,bystronic_mex,north-america,es,El Salvador,El Salvador,El Salvador,Salvador,El Salvador,萨尔瓦多,El Salvador,El Salvador,El Salvador,El Salvador,El Salvador,Salwador,El Salvador,El Salvador,El Salvador,Сальвадор,En Xanvađo,엘살바도르,薩爾瓦多,Salvador,エルサルバドル,El Salvador,เอลซัลวาดอร์
SX,/usa,bystronic_usa,north-america,en,St. Maarten,St. Maarten,St. Maarten,St. Maarten,St. Maarten,圣马丁岛,St. Maarten,St. Maarten,St. Maarten,St. Maarten,St. Maarten,St. Maarten,St. Maarten,St. Maarten,St. Maarten,Сінт-Мартен,Sint Maarten,세인트마틴,荷屬聖馬丁,Sint Maarten,シントマールテン,St. Maarten,ซินต์ มาร์เติน
SY,/int,bystronic_com,middle-east,"en, fr",Syria,Syria,Syrien,Syrie,Siria,叙利亚,Siria,Síria,Syrien,Syrien,Syyria,Syria,Suriye,Siria,Sýrie,Сирія,Xiri,시리아,敘利亞,Szíria,シリア,Syrië,ซีเรีย
SZ,/zaf,bystronic_zaf,africa,en,Swaziland,Swaziland,Swasiland,Swaziland,Suazilandia,斯威士兰,Swaziland,Swasiland,Swaziland,Swaziland,Swazimaa,Swasiland,Svaziland,Swaziland,Svazijsko,Свазіленд,Xoadilen,스와질란드,史瓦濟蘭,Szváziföld,スワジランド,Swaziland,สวาซีแลนด์
TC,/usa,bystronic_usa,north-america,en,Turks and Caicos Islands,Turks and Caicos Islands,Turks- und Caicosinseln,Îles Turk-et-Caicos,Islas Turcas y Caicos,特克斯和凯科斯群岛,Isole Turks e Caicos,Ilhas Turks e Caicos,Turks- och Caicosöarna,Tyrks- og Caicosøerne,Turks- ja Caicossaaret,Wyspy Turk i Caicos,Turks- ve Caicos Adaları,Insulele Turks și Caicos,Ostrovy Turks a Caicos,Острови Туркс і Кайкос,Quần đảo Turks và Caicos,터크스케이커스제도,特克斯和凯科斯群岛,Turks- és Caicos-szigetek,タークス諸島・カイコス諸島,Turks- en Caicoseilanden,หมู่เกาะเติกส์และเคคอส
TD,/zaf,bystronic_zaf,africa,en,Chad,Chad,Tschad,Tchad,Chad,乍得,Ciad,Chade,Tchad,Tchad,Tšad,Czad,Çad,Ciad,Čad,Чад,Sát,차드,查德,Csád,チャド,Tsjaad,ชาด
TG,/zaf,bystronic_zaf,africa,en,Togo,Togo,Togo,Togo,Togo,多哥,Togo,Togo,Togo,Togo,Togo,Togo,Togo,Togo,Togo,Того,Tôgô,토고,多哥,Togo,トーゴ,Togo,โตโก
TH,/tha,bystronic_tha,asia,"th, en",Thailand,Thailand,Thailand,Thaïlande,Tailandia,泰国,Tailandia,Tailândia,Thailand,Thailand,Thaimaa,Tajlandia,Tayland,Thailanda,Thajsko,Таїланд,Thái Lan,태국,泰國,Thaiföld,タイ,Thailand,ไทย
TJ,/ukr,bystronic_ukr,asia,uk,Tajikistan,Tajikistan,Tadschikistan,Tadjikistan,Tayikistán,塔吉克斯坦,Tagikistan,Cazaquistão,Tadzjikistan,Tadzjikistan,Tadžikistan,Tadżykistan,Tacikistan,Tadjikistan,Tádžikistán,Таджікістан,Tátgikixtan,타지키스탄,塔吉克,Tádzsikisztán,タジキスタン,Tadzjikistan,ทาจิกิสถาน
TK,/sgp,bystronic_sgp,oceania,en,Tokelau,Tokelau,Tokelau,Tokelau,Tokelau,托克劳,Tokelau,Tokelau,Tokelau,Tokelau,Tokelau,Tokelau,Tokelau,Tokelau,Tokelau,Токелау,Tokelau,토켈라우,托克勞,Tokelau-szigetek,トケラウ,Tokelau,โทเคอเลา
TL,/sgp,bystronic_sgp,oceania,en,East Timor,East Timor,Osttimor,Timor oriental,Timor Oriental,东帝汶,Timor Est,Timor Leste,Östtimor,Østtimor,Itä-Timor,Timor Wschodni,Doğu Timor,Timorul de Est,Východní Timor,Східний Тімор,Đông Timo,동티모르,東帝汶,Kelet-Timor,東ティモール,Oost-Timor,ติมอร์ตะวันออก
TM,/ukr,bystronic_ukr,asia,uk,Turkmenistan,Turkmenistan,Turkmenistan,Turkménistan,Turkmenistán,土库曼斯坦,Turkmenistan,Turcomenistão,Turkmenistan,Turkmenistan,Turkmenistan,Turkmenistan,Türkmenistan,Turkmenistan,Turkménie,Туркменістан,Tuốcmênixtan,투르크메니스탄,土庫曼,Türkmenisztán,トルクメニスタン,Turkmenistan,เติร์กเมนิสถาน
TN,/fra,bystronic_fra,africa,fr,Tunisia,Tunisia,Tunesien,Tunisie,Túnez,突尼斯,Tunisia,Tunísia,Tunisien,Tunisien,Tunisia,Tunezja,Tunus,Tunisia,Tunis,Тунізія,Tuynidi,튀니지,突尼西亞,Tunézia,チュニジア,Tunesië,ตูนิเซีย
TO,/sgp,bystronic_sgp,oceania,en,Tonga,Tonga,Tonga,Tonga,Tonga,汤加,Tonga,Tonga,Tonga,Tonga,Tonga,Tonga,Tonga,Tonga,Tonga,Тонга,Tonga,통가,東加,Tonga,トンガ,Tonga,ตองงา
TR,/tur,bystronic_tur,europe,tr,Turkey,Turkey,Türkei,Turquie,Turquía,土耳其,Turchia,Turquia,Turkiet,Turkiet,Turkki,Turcja,Türkiye,Turcia,Turecko,Турція,Thổ Nhĩ Kỳ,터키,土耳其,Törökország,トルコ,Turkije,ตุรกี
TT,/bra,bystronic_bra,north-america,en,Trinidad and Tobago,Trinidad and Tobago,Trinidad und Tobago,Trinité-et-Tobago,Trinidad y Tobago,特立尼达和多巴哥,Trinidad e Tobago,Trinidade e Tobago,Trinidad och Tobago,Trinidad og Tobago,Trinidad ja Tobago,Trinidad i Tobago,Trinidad ve Tobago,Trinidad și Tobago,Trinidad a Tobago,Трінідад і Тобаго,Trinidad và Tobago,트리니다드토바고,千里達和多巴哥,Trinidad és Tobago,トリニダード・トバゴ,Trinidad en Tobago,ตรินิแดดและโตเบโก
TV,/sgp,bystronic_sgp,oceania,en,Tuvalu,Tuvalu,Tuvalu,Tuvalu,Tuvalu,图瓦卢,Tuvalu,Tuvalu,Tuvalu,Tuvalu,Tuvalu,Tuwalu,Tuvalu,Tuvalu,Tuvalu,Тувалу,Tuvalu,투발루,圖瓦盧,Tuvalu,ツバル,Tuvalu,ตูวาลู
TW,/twn,bystronic_twn,asia,tw,Taiwan,Taiwan,Taiwan,Taïwan,Taiwán,台湾,Taiwan,Taiwan,Taiwan,Taiwan,Taiwan,Tajwan,Tayvan,Taiwan,Tchaj-wan,Тайвань,Đài Loan,타이완 (중화민국),臺灣 (中華民國),Tajvan,台湾,Taiwan,ไต้หวัน
TZ,/zaf,bystronic_zaf,africa,en,Tanzania,Tanzania,Tansania,Tanzanie,Tanzania,坦桑尼亚,Tanzania,Tanzânia,Tanzania,Tanzania,Tansania,Tanzania,Tanzanya,Tanzania,Tanzanie,Танзанія,Tandania,탄자니아,坦尚尼亞,Tanzánia,タンザニア,Tanzania,แทนซาเนีย
UA,/ukr,bystronic_ukr,europe,uk,Ukraine,Ukraine,Ukraine,Ukraine,Ucrania,乌克兰,Ucraina,Ucrânia,Ukraina,Ukraina,Ukraina,Ukraina,Ukrayna,Ucraina,Ukrajina,Україна,Ucraina,우크라이나,烏克蘭,Ukrajna,ウクライナ,Oekraïne,ยูเครน
UG,/zaf,bystronic_zaf,africa,en,Uganda,Uganda,Uganda,Ouganda,Uganda,乌干达,Uganda,Uganda,Uganda,Uganda,Uganda,Uganda,Uganda,Uganda,Uganda,Уганда,Uganđa,우간다,烏干達,Uganda,ウガンダ,Oeganda,ยูกันดา
US,/usa,bystronic_usa,north-america,en-us,United States,United States,Vereinigte Staaten,Etats-Unis,Estados Unidos,美利坚合众国,Stati Uniti,EUA,USA,USA,Yhdysvallat,Stany Zjednoczone,Amerika Birlesik Devletleri,Statele Unite ale Americii,Spojené státy,Сполучені Штати Америки,Hợp chúng quốc Hoa kỳ,미국,美國,Amerikai Egyesült Államok,アメリカ／米国,Verenigde Staten,สหรัฐอเมริกา
UY,/bra,bystronic_bra,south-america,es,Uruguay,Uruguay,Uruguay,Uruguay,Uruguay,乌拉圭,Uruguay,Uruguai,Uruguay,Uruguay,Uruguay,Urugwaj,Uruguay,Uruguay,Uruguay,Уругвай,Urugoay,우루과이,烏拉圭,Uruguay,ウルグアイ,Uruguay,อุรุกวัย
UZ,/ukr,bystronic_ukr,asia,uk,Uzbekistan,Uzbekistan,Usbekistan,Ouzbékistan,Uzbekistán,乌兹别克斯坦,Uzbekistan,Uzbequistão,Uzbekistan,Usbekistan,Uzbekistan,Uzbekistan,Özbekistan,Uzbekistan,Uzbekistán,Узбекістан,Udơbêkixtan,우즈베키스탄,烏茲別克斯坦,Üzbegisztán,ウズベキスタン,Oezbekistan,อุซเบกิสถาน
VA,/ita,bystronic_ita,europe,it,Vatican City,Vatican City,Vatikanstadt,Etat du Vatican,El Vaticano,梵蒂冈城,Citt&agrave; del Vaticano,Estado do Vaticano,Vatikanstaten,Vatikanstaten,Vatikaani (Vatikaanivaltio),Miasto Watykan,Vatikan Devleti,Vatican,Vatikán,Ватікан,Thành Vatican,바티칸,梵蒂岡城國,Vatikán,バチカン,Vaticaanstad,นครรัฐวาติกัน
VC,/usa,bystronic_usa,north-america,en,Saint Vincent and the Grenadines,Saint Vincent and the Grenadines,St. Vincent und die Grenadinen,St-Vincent et les Grenadines,San Vicente y las Granadinas,圣文森特和格林纳丁斯,San Vincenzo e Grenadina,São Vincente e Granadinas,Saint Vincent och Grenadinerna,St. Vincent og Grenadinerne,Saint Vincent ja Grenadiinit,Św. Wincent i Grenadiny,St. Vincent ve Grenadinler,Sfântul Vicențiu și Grenadinele,St. Vincent a Grenada,Сент-Вінсент та Гренадіни,Xanh Vinxen và Grênadin,세인트빈센트그레나딘,聖文森及格瑞那丁,Saint Vincent és a Grenadine-szigetek,セントビンセント及びグレナディーン諸島,Saint Vincent en de Grenadines,เซนต์วินเซนต์และเกรนาดีนส์
VE,/bra,bystronic_bra,south-america,es,Venezuela,Venezuela,Venezuela,Venezuela,Venezuela,委内瑞拉,Venezuela,Venezuela,Venezuela,Venezuela,Venezuela,Wenezuela,Venezuela,Venezuela,Venezuela,Венесуела,Vênêduêla,베네수엘라,委内瑞拉,Venezuela,ベネズエラ,Venezuela,เวเนซุเอลา
VG,/usa,bystronic_usa,north-america,en,British Virgin Islands,British Virgin Islands,Britische Jungferninseln,Îles Vierges Britanniques,Islas Vírgenes Británicas,英属维尔京群岛,Isole Vergini Britanniche,IIhas Virgens Britânicas,Brittiska Jungfruöarna,De Britiske Jomfruøer,Brittiläiset Neitsytsaaret,Brytyjskie Wyspy Dziewicze,Birleşik Krallık Virgin Adaları,Insulele Virgine Britanice,Britské Panenské ostrovy,Віргінські острови (Великобританія),Quần đảo Virgin thuộc Anh,영국령버진아일랜드,英屬維爾京群島,Brit Virgin-szigetek,イギリス領バージン諸島,Britse Maagdeneilanden,หมู่เกาะบริติชเวอร์จิน
VI,/usa,bystronic_usa,north-america,en,US Virgin Islands,US Virgin Islands,Amerikanische Jungferninseln,Îles Vierges Américaines,Islas Vírgenes Americanas,美属维尔京群岛,Isole Vergini Americane,Ilhas Virgens Americanas,Amerikanska Jungfruöarna,De Amerikanske Jomfruøer,Yhdysvaltain Neitsytsaaret,Amerykańskie Wyspy Dziewicze,ABD Virgin Adaları,Insulele Virgine Americane,Americké Panenské ostrovy,Віргінські острови (США),Quần đảo Virgin thuộc Mỹ,미국령버진아일랜드,美屬維爾京群島,Amerikai Virgin-szigetek,アメリカ領バージン諸島,Amerikaanse Maagdeneilanden,หมู่เกาะเวอร์จินของสหรัฐ
VN,/vnm,bystronic_vnm,asia,vi,Vietnam,Vietnam,Vietnam,Viet Nam,Vietnam,越南,Vietnam,Vietnã,Vietnam,Vietnam,Vietnam,Wietnam,Vietnam,Vietnam,Vietnam,В'єтнам,Việt Nam,베트남,越南,Vietnam,ベトナム,Vietnam,เวียดนาม
VU,/aus,bystronic_aus,oceania,en,Vanuatu,Vanuatu,Vanuatu,Vanuatu,Vanuatu,瓦努阿图,Vanuatu,Vanuatu,Vanuatu,Vanuatu,Vanuatu,Vanuatu,Vanuatu,Vanuatu,Vanuatu,Вануату,Vanuatu,바누아투,越南,Vanuatu,バヌアツ,Vanuatu,วานูอาตู
WF,/sgp,bystronic_sgp,oceania,en,Wallis and Futuna,Wallis and Futuna,Wallis und Futuna,Wallis-et-Futuna,Wallis y Futuna,瓦利斯和富图纳群岛,Wallis e Futuna,Wallis e Futuna,Wallis och Futuna,Wallis og Futuna,Wallis ja Futuna,Wallis i Futuna,Wallis ve Futuna,Wallis și Futuna,Ostrovy Wallis a Futuna,Валіс і Футуна,Wallis và Futuna,월리스푸투나,瓦利斯和富圖納群島,Wallis és Futuna,ワリスフツナ諸島(仏領),Wallis en Futuna,วาลิสและฟูตูนา
WS,/aus,bystronic_aus,oceania,en,Samoa,Samoa,Samoa,Samoa,Samoa,萨摩亚群岛,Samoa,Samoa,Samoa,Samoa,Samoa,Samoa,Samoa,Samoa,Samoa,Самоа,Xamoa,사모아,薩摩亞,Szamoa,サモア,Samoa,ซามัว
YE,/int,bystronic_com,middle-east,"en, fr",Yemen,Yemen,Jemen,Yémen,Yemen,也门,Yemen,Iêmen,Jemen,Yemen,Jemen,Jemen,Yemen,Yemen,Jemen,Ємен,Yêmen,예멘,也門,Jemen,イエメン,Jemen,เยเมน
YT,/zaf,bystronic_zaf,africa,en,Mayotte,Mayotte,Mayotte,Mayotte,Mayotte,马约特岛,Mayotte,Mayotte,Mayotte,Mayotte,Mayotte,Mayotte,Mayotte,Mayotte,Mayotte,Майотте,Mayotte,마요트,馬約特,Mayotte,マイヨット,Mayotte,มายอต
ZA,/zaf,bystronic_zaf,africa,en,South Africa,South Africa,Südafrika,Afrique du Sud,Sudáfrica,南非,Sud Africa,África do Sul,Sydafrika,Sydafrika,Etelä-Afrikka,Południowa Afryka,Güney Afrika,Africa de Sud,Jižní Afrika,Південна Африка,Nam Phi,남아프리카공화국,南非,Dél-afrikai Köztársaság,南アフリカ,Zuid-Afrika,แอฟริกาใต้
ZM,/zaf,bystronic_zaf,africa,en,Zambia,Zambia,Sambia,Zambie,Zambia,赞比亚,Zambia,Zâmbia,Zambia,Zambia,Sambia,Zambia,Zambiya,Zambia,Zambie,Самбія,Dămbia,잠비아,尚比亞,Zambia,ザンビア,Zambia,แซมเบีย
ZW,/zaf,bystronic_zaf,africa,en,Zimbabwe,Zimbabwe,Zimbabwe,Zimbabwe,Zimbabue,津巴布韦,Zimbabwe,Zimbábue,Zimbabwe,Zimbabwe,Zimbabwe,Zimbabwe,Zimbabwe,Zimbabwe,Zimbabwe,Зімбабве,Dimbabuê,짐바브웨,辛巴威,Zimbabwe,ジンバブエ,Zimbabwe,ซิมบับเว
